ID;Title;Initial;Surname;FirstName;PostCode;email1;email2;GiftAidSignde
1234;Mr;S;Fisher;William;N10 3EP;williamskes@gmail.com;iweulaoau@gotmail.com;true
4321;Mrs;S;Shyti;Bes;N123123;besi@besbes;seb@sebueuseb;false
4312341;Mrs;S;Shyti;Bes;N123123;bees@besbes;seb@seaiabseb;false
451321;Mrs;S;Shyti;Bes;N123123;beees@besbes;sebuei@sebseb;false
4321;Mrs;S;Shyti;Bes;N123123;besuuuu@besbes;seb@sueaueebseb;false
94321;Mrs;S;Shyti;Bes;N123123;beuos@besbes;seb@sebseueueb;false
43921;Mrs;S;Shyti;Bes;N123123;beuouos@besbes;seb@sebsaoiaoiueeb;false
439221;Mrs;S;Shyti;Bes;N123123;beuououous@besbes;sebaaakkeue@sebseb;false
43219;Mrs;S;Shyti;Bes;N123123;be324s@besbes;seb@sebseukeb;false
43291;Mrs;S;Shyti;Bes;N123123;be2i2i2s@besbes;seb@seueubseb;false
